ID       	Name                                              	WaterCont	Max   	Min   
AD00017 	ADGO                                              	  0.71	      	      	 "Jokuty, P., Whiticar, S., Wang, Z., Fingas, M., Lambert, P., Fieldhouse, B., Mullen, J. 1996. A Catalogue of Crude Oil and Oil Product Properties (1996 Edition). Prepared for Environment Canada, EE-157, Ottawa, Ontario."
AD00020 	ALASKA NORTH SLOPE                                	  0.89	   0.0	   0.0	 "Jokuty, P., Whiticar, S., Wang, Z., Fingas, M., Lambert, P., Fieldhouse, B., Mullen, J. 1996. A Catalogue of Crude Oil and Oil Product Properties (1996 Edition). Prepared for Environment Canada, EE-157, Ottawa, Ontario."
AD00025 	ALBERTA SWEET MIXED BLEND                         	   0.9	 0.255	 0.148	 "Whiticar, S. Bobra, M., Fingas, M., Jokuty, P., Liuzzo, P., Callaghan, S., Ackerman, F., and Coa, J. 1992. A Catalogue of Crude Oil and Oil Product Properties (1992 Edition). Prepared for Environment Canada, EE-144, Ottawa, Ontario. 643pp."
AD00031 	AMAULIGAK (1996)                                  	 0.788	   1.0	 0.194	 "Jokuty, P., Whiticar, S., Wang, Z., Fingas, M., Lambert, P., Fieldhouse, B., Mullen, J. 1996. A Catalogue of Crude Oil and Oil Product Properties (1996 Edition). Prepared for Environment Canada, EE-157, Ottawa, Ontario."
AD00042 	ARABIAN HEAVY                                     	  0.55	      	      	 "Jokuty, P., Whiticar, S., Wang, Z., Fingas, M., Lambert, P., Fieldhouse, B., Mullen, J. 1996. A Catalogue of Crude Oil and Oil Product Properties (1996 Edition). Prepared for Environment Canada, EE-157, Ottawa, Ontario."
AD00051 	ARABIAN LIGHT                                     	   0.9	   0.0	   0.0	 "Jokuty, P., Whiticar, S., Wang, Z., Fingas, M., Lambert, P., Fieldhouse, B., Mullen, J. 1996. A Catalogue of Crude Oil and Oil Product Properties (1996 Edition). Prepared for Environment Canada, EE-157, Ottawa, Ontario."
AD00059 	ARABIAN MEDIUM                                    	  0.89	      	      	 "Jokuty, P., Whiticar, S., Wang, Z., Fingas, M., Lambert, P., Fieldhouse, B., Mullen, J. 1996. A Catalogue of Crude Oil and Oil Product Properties (1996 Edition). Prepared for Environment Canada, EE-157, Ottawa, Ontario."
AD00080 	ATKINSON                                          	  0.83	   0.0	   0.0	 "Jokuty, P., Whiticar, S., Wang, Z., Fingas, M., Lambert, P., Fieldhouse, B., Mullen, J. 1996. A Catalogue of Crude Oil and Oil Product Properties (1996 Edition). Prepared for Environment Canada, EE-157, Ottawa, Ontario."
AD00085 	AVALON                                            	  0.88	 0.203	  0.09	 "Whiticar, S. Bobra, M., Fingas, M., Jokuty, P., Liuzzo, P., Callaghan, S., Ackerman, F., and Coa, J. 1992. A Catalogue of Crude Oil and Oil Product Properties (1992 Edition). Prepared for Environment Canada, EE-144, Ottawa, Ontario. 643pp."
AD00125 	BCF 24                                            	  0.52	   1.0	 0.173	 "Jokuty, P., Whiticar, S., Wang, Z., Fingas, M., Lambert, P., Fieldhouse, B., Mullen, J. 1996. A Catalogue of Crude Oil and Oil Product Properties (1996 Edition). Prepared for Environment Canada, EE-157, Ottawa, Ontario."
AD00135 	BELRIDGE HEAVY                                    	      	   1.0	 0.027	 "Jokuty, P., Whiticar, S., Wang, Z., Fingas, M., Lambert, P., Fieldhouse, B., Mullen, J. 1996. A Catalogue of Crude Oil and Oil Product Properties (1996 Edition). Prepared for Environment Canada, EE-157, Ottawa, Ontario."
AD00137 	BENT HORN                                         	   0.6	 0.202	   0.0	 "Whiticar, S. Bobra, M., Fingas, M., Jokuty, P., Liuzzo, P., Callaghan, S., Ackerman, F., and Coa, J. 1992. A Catalogue of Crude Oil and Oil Product Properties (1992 Edition). Prepared for Environment Canada, EE-144, Ottawa, Ontario. 643pp."
AD00138 	BENT HORN A-02                                    	  0.86	 0.204	   0.0	 "Whiticar, S. Bobra, M., Fingas, M., Jokuty, P., Liuzzo, P., Callaghan, S., Ackerman, F., and Coa, J. 1992. A Catalogue of Crude Oil and Oil Product Properties (1992 Edition). Prepared for Environment Canada, EE-144, Ottawa, Ontario. 643pp."
AD00163 	"BONNY MEDIUM, AMOCO"                             	      	   1.0	   1.0	 "Ross, S. L., 1992. Oil Spill Property Predictions: Results for 17 AMOCO Oils, Ottawa, Ontario."
AD00171 	"BOSCAN, AMOCO"                                   	      	   1.0	   1.0	 "Ross, S. L., 1992. Oil Spill Property Predictions: Results for 17 AMOCO Oils, Ottawa, Ontario."
AD00208 	BUNKER C FUEL OIL                                 	   0.3	  0.18	  0.18	 "Jokuty, P., Whiticar, S., Wang, Z., Fingas, M., Lambert, P., Fieldhouse, B., Mullen, J. 1996. A Catalogue of Crude Oil and Oil Product Properties (1996 Edition). Prepared for Environment Canada, EE-157, Ottawa, Ontario."
AD00232 	CARPENTERIA                                       	      	   1.0	 0.149	 "Jokuty, P., Whiticar, S., Wang, Z., Fingas, M., Lambert, P., Fieldhouse, B., Mullen, J. 1996. A Catalogue of Crude Oil and Oil Product Properties (1996 Edition). Prepared for Environment Canada, EE-157, Ottawa, Ontario."
AD00257 	COHASSET                                          	      	   1.0	 0.256	 "Whiticar, S. Bobra, M., Fingas, M., Jokuty, P., Liuzzo, P., Callaghan, S., Ackerman, F., and Coa, J. 1992. A Catalogue of Crude Oil and Oil Product Properties (1992 Edition). Prepared for Environment Canada, EE-144, Ottawa, Ontario. 643pp."
AD00297 	DIESEL                                            	      	   1.0	 0.279	 "Whiticar, S. Bobra, M., Fingas, M., Jokuty, P., Liuzzo, P., Callaghan, S., Ackerman, F., and Coa, J. 1992. A Catalogue of Crude Oil and Oil Product Properties (1992 Edition). Prepared for Environment Canada, EE-144, Ottawa, Ontario. 643pp."
AD00307 	DOS CUADRAS                                       	      	   1.0	 0.203	 "Jokuty, P., Whiticar, S., Wang, Z., Fingas, M., Lambert, P., Fieldhouse, B., Mullen, J. 1996. A Catalogue of Crude Oil and Oil Product Properties (1996 Edition). Prepared for Environment Canada, EE-157, Ottawa, Ontario."
AD00353 	EMPIRE                                            	 0.575	   1.0	 0.203	 "Jokuty, P., Whiticar, S., Wang, Z., Fingas, M., Lambert, P., Fieldhouse, B., Mullen, J. 1996. A Catalogue of Crude Oil and Oil Product Properties (1996 Edition). Prepared for Environment Canada, EE-157, Ottawa, Ontario."
AD00354 	"EMPIRE ISLAND, AMOCO"                            	      	  0.24	  0.24	 "Ross, S. L., 1992. Oil Spill Property Predictions: Results for 17 AMOCO Oils, Ottawa, Ontario."
AD00355 	ENDICOTT                                          	  0.31	 0.126	 0.084	 "Whiticar, S. Bobra, M., Fingas, M., Jokuty, P., Liuzzo, P., Callaghan, S., Ackerman, F., and Coa, J. 1992. A Catalogue of Crude Oil and Oil Product Properties (1992 Edition). Prepared for Environment Canada, EE-144, Ottawa, Ontario. 643pp."
AD00365 	"ESCRAVOS, AMOCO"                                 	      	   0.1	   0.1	 "Ross, S. L., 1992. Oil Spill Property Predictions: Results for 17 AMOCO Oils, Ottawa, Ontario."
AD00377 	FCC HEAVY CYCLE OIL                               	      	   1.0	 0.092	 "Jokuty, P., Whiticar, S., Wang, Z., Fingas, M., Lambert, P., Fieldhouse, B., Mullen, J. 1996. A Catalogue of Crude Oil and Oil Product Properties (1996 Edition). Prepared for Environment Canada, EE-157, Ottawa, Ontario."
AD00379 	FEDERATED                                         	 0.899	 0.143	   0.0	 "Jokuty, P., Whiticar, S., Wang, Z., Fingas, M., Lambert, P., Fieldhouse, B., Mullen, J. 1996. A Catalogue of Crude Oil and Oil Product Properties (1996 Edition). Prepared for Environment Canada, EE-157, Ottawa, Ontario."
AD00389 	"FORCADOS, AMOCO"                                 	      	  0.06	  0.06	 "Ross, S. L., 1992. Oil Spill Property Predictions: Results for 17 AMOCO Oils, Ottawa, Ontario."
AD00391 	"FORKED ISLAND TERMINAL, AMOCO"                   	      	  0.33	  0.33	 "Ross, S. L., 1992. Oil Spill Property Predictions: Results for 17 AMOCO Oils, Ottawa, Ontario."
AD00414 	FUEL OIL NO.1 (JET FUEL B)                        	      	   1.0	 0.625	 "Jokuty, P., Whiticar, S., Wang, Z., Fingas, M., Lambert, P., Fieldhouse, B., Mullen, J. 1996. A Catalogue of Crude Oil and Oil Product Properties (1996 Edition). Prepared for Environment Canada, EE-157, Ottawa, Ontario."
AD00515 	GULLFAKS                                          	  0.69	  0.28	  0.18	 "Jokuty, P., Whiticar, S., Wang, Z., Fingas, M., Lambert, P., Fieldhouse, B., Mullen, J. 1996. A Catalogue of Crude Oil and Oil Product Properties (1996 Edition). Prepared for Environment Canada, EE-157, Ottawa, Ontario."
AD00531 	HEAVY REFORMATE                                   	  0.58	      	      	 "Jokuty, P., Whiticar, S., Wang, Z., Fingas, M., Lambert, P., Fieldhouse, B., Mullen, J. 1996. A Catalogue of Crude Oil and Oil Product Properties (1996 Edition). Prepared for Environment Canada, EE-157, Ottawa, Ontario."
AD00538 	HIBERNIA                                          	 0.677	   0.0	   0.0	 "Whiticar, S. Bobra, M., Fingas, M., Jokuty, P., Liuzzo, P., Callaghan, S., Ackerman, F., and Coa, J. 1992. A Catalogue of Crude Oil and Oil Product Properties (1992 Edition). Prepared for Environment Canada, EE-144, Ottawa, Ontario. 643pp."
AD00540 	"HIGH ISLAND, AMOCO"                              	      	  0.41	  0.41	 "Ross, S. L., 1992. Oil Spill Property Predictions: Results for 17 AMOCO Oils, Ottawa, Ontario."
AD00544 	HONDO                                             	      	   1.0	 0.322	 "Jokuty, P., Whiticar, S., Wang, Z., Fingas, M., Lambert, P., Fieldhouse, B., Mullen, J. 1996. A Catalogue of Crude Oil and Oil Product Properties (1996 Edition). Prepared for Environment Canada, EE-157, Ottawa, Ontario."
AD00566 	IRANIAN HEAVY                                     	   0.9	   0.0	   0.0	 "Jokuty, P., Whiticar, S., Wang, Z., Fingas, M., Lambert, P., Fieldhouse, B., Mullen, J. 1996. A Catalogue of Crude Oil and Oil Product Properties (1996 Edition). Prepared for Environment Canada, EE-157, Ottawa, Ontario."
AD00573 	ISSUNGNAK                                         	   0.9	   1.0	  0.25	 "Jokuty, P., Whiticar, S., Wang, Z., Fingas, M., Lambert, P., Fieldhouse, B., Mullen, J. 1996. A Catalogue of Crude Oil and Oil Product Properties (1996 Edition). Prepared for Environment Canada, EE-157, Ottawa, Ontario."
AD00627 	KUWAIT                                            	   0.9	   0.0	   0.0	 "Jokuty, P., Whiticar, S., Wang, Z., Fingas, M., Lambert, P., Fieldhouse, B., Mullen, J. 1996. A Catalogue of Crude Oil and Oil Product Properties (1996 Edition). Prepared for Environment Canada, EE-157, Ottawa, Ontario."
AD00644 	LAGO MEDIO                                        	  0.89	   0.0	   0.0	 "Whiticar, S. Bobra, M., Fingas, M., Jokuty, P., Liuzzo, P., Callaghan, S., Ackerman, F., and Coa, J. 1992. A Catalogue of Crude Oil and Oil Product Properties (1992 Edition). Prepared for Environment Canada, EE-144, Ottawa, Ontario. 643pp."
AD00695 	LUBRICATING OIL (EXTREME PRESSURE GEAR OIL)       	 0.579	   0.0	   0.0	 "Whiticar, S. Bobra, M., Fingas, M., Jokuty, P., Liuzzo, P., Callaghan, S., Ackerman, F., and Coa, J. 1992. A Catalogue of Crude Oil and Oil Product Properties (1992 Edition). Prepared for Environment Canada, EE-144, Ottawa, Ontario. 643pp."
AD00696 	"LUBRICATING OIL (AUTO ENGINE OIL, USED)"         	  0.58	   0.0	   0.0	 "Jokuty, P., Whiticar, S., Wang, Z., Fingas, M., Lambert, P., Fieldhouse, B., Mullen, J. 1996. A Catalogue of Crude Oil and Oil Product Properties (1996 Edition). Prepared for Environment Canada, EE-157, Ottawa, Ontario."
AD00697 	"LUBRICATING OIL (AUTO ENGINE OIL, VIRGIN)"       	 0.722	   0.0	   0.0	 "Whiticar, S. Bobra, M., Fingas, M., Jokuty, P., Liuzzo, P., Callaghan, S., Ackerman, F., and Coa, J. 1992. A Catalogue of Crude Oil and Oil Product Properties (1992 Edition). Prepared for Environment Canada, EE-144, Ottawa, Ontario. 643pp."
AD00730 	MAYA                                              	  0.87	      	      	 "Jokuty, P., Whiticar, S., Wang, Z., Fingas, M., Lambert, P., Fieldhouse, B., Mullen, J. 1996. A Catalogue of Crude Oil and Oil Product Properties (1996 Edition). Prepared for Environment Canada, EE-157, Ottawa, Ontario."
AD00784 	MOUSSE MIX (PETAWAWA)                             	  0.62	      	      	 "Jokuty, P., Whiticar, S., Wang, Z., Fingas, M., Lambert, P., Fieldhouse, B., Mullen, J. 1996. A Catalogue of Crude Oil and Oil Product Properties (1996 Edition). Prepared for Environment Canada, EE-157, Ottawa, Ontario."
AD00809 	NEKTORALIK K-59                                   	  0.88	      	      	 "Jokuty, P., Whiticar, S., Wang, Z., Fingas, M., Lambert, P., Fieldhouse, B., Mullen, J. 1996. A Catalogue of Crude Oil and Oil Product Properties (1996 Edition). Prepared for Environment Canada, EE-157, Ottawa, Ontario."
AD00825 	NINIAN                                            	  0.79	  0.15	  0.15	 "Whiticar, S. Bobra, M., Fingas, M., Jokuty, P., Liuzzo, P., Callaghan, S., Ackerman, F., and Coa, J. 1992. A Catalogue of Crude Oil and Oil Product Properties (1992 Edition). Prepared for Environment Canada, EE-144, Ottawa, Ontario. 643pp."
AD00829 	NINIAN BLEND                                      	  0.79	      	      	 "Jokuty, P., Whiticar, S., Wang, Z., Fingas, M., Lambert, P., Fieldhouse, B., Mullen, J. 1996. A Catalogue of Crude Oil and Oil Product Properties (1996 Edition). Prepared for Environment Canada, EE-157, Ottawa, Ontario."
AD00836 	NORTH SLOPE                                       	  0.85	   0.0	   0.0	 "Whiticar, S. Bobra, M., Fingas, M., Jokuty, P., Liuzzo, P., Callaghan, S., Ackerman, F., and Coa, J. 1992. A Catalogue of Crude Oil and Oil Product Properties (1992 Edition). Prepared for Environment Canada, EE-144, Ottawa, Ontario. 643pp."
AD00846 	"OGUENDJO, AMOCO"                                 	      	  0.17	  0.17	 "Ross, S. L., 1992. Oil Spill Property Predictions: Results for 17 AMOCO Oils, Ottawa, Ontario."
AD00859 	OSEBERG                                           	  0.89	  0.14	   0.0	 "Whiticar, S. Bobra, M., Fingas, M., Jokuty, P., Liuzzo, P., Callaghan, S., Ackerman, F., and Coa, J. 1992. A Catalogue of Crude Oil and Oil Product Properties (1992 Edition). Prepared for Environment Canada, EE-144, Ottawa, Ontario. 643pp."
AD00869 	PANUKE                                            	      	   1.0	 0.474	 "Whiticar, S. Bobra, M., Fingas, M., Jokuty, P., Liuzzo, P., Callaghan, S., Ackerman, F., and Coa, J. 1992. A Catalogue of Crude Oil and Oil Product Properties (1992 Edition). Prepared for Environment Canada, EE-144, Ottawa, Ontario. 643pp."
AD00880 	"PECAN ISLAND, AMOCO"                             	      	   1.0	   1.0	 "Ross, S. L., 1992. Oil Spill Property Predictions: Results for 17 AMOCO Oils, Ottawa, Ontario."
AD00898 	PITAS POINT                                       	      	   1.0	 0.471	 "Jokuty, P., Whiticar, S., Wang, Z., Fingas, M., Lambert, P., Fieldhouse, B., Mullen, J. 1996. A Catalogue of Crude Oil and Oil Product Properties (1996 Edition). Prepared for Environment Canada, EE-157, Ottawa, Ontario."
AD00905 	PORT HUENEME                                      	      	   1.0	 0.084	 "Jokuty, P., Whiticar, S., Wang, Z., Fingas, M., Lambert, P., Fieldhouse, B., Mullen, J. 1996. A Catalogue of Crude Oil and Oil Product Properties (1996 Edition). Prepared for Environment Canada, EE-157, Ottawa, Ontario."
AD00915 	PRIMER ASPHALT                                    	 0.551	   0.0	   0.0	 "Whiticar, S. Bobra, M., Fingas, M., Jokuty, P., Liuzzo, P., Callaghan, S., Ackerman, F., and Coa, J. 1992. A Catalogue of Crude Oil and Oil Product Properties (1992 Edition). Prepared for Environment Canada, EE-144, Ottawa, Ontario. 643pp."
AD00970 	SANTA CLARA                                       	      	   1.0	 0.216	 "Jokuty, P., Whiticar, S., Wang, Z., Fingas, M., Lambert, P., Fieldhouse, B., Mullen, J. 1996. A Catalogue of Crude Oil and Oil Product Properties (1996 Edition). Prepared for Environment Canada, EE-157, Ottawa, Ontario."
AD01020 	SOCKEYE                                           	  0.88	   0.0	   0.0	 "Whiticar, S. Bobra, M., Fingas, M., Jokuty, P., Liuzzo, P., Callaghan, S., Ackerman, F., and Coa, J. 1992. A Catalogue of Crude Oil and Oil Product Properties (1992 Edition). Prepared for Environment Canada, EE-144, Ottawa, Ontario. 643pp."
AD01022 	SOUR BLEND                                        	  0.92	      	      	 "Jokuty, P., Whiticar, S., Wang, Z., Fingas, M., Lambert, P., Fieldhouse, B., Mullen, J. 1996. A Catalogue of Crude Oil and Oil Product Properties (1996 Edition). Prepared for Environment Canada, EE-157, Ottawa, Ontario."
AD01040 	STATFJORD                                         	  0.73	   1.0	 0.201	 "Jokuty, P., Whiticar, S., Wang, Z., Fingas, M., Lambert, P., Fieldhouse, B., Mullen, J. 1996. A Catalogue of Crude Oil and Oil Product Properties (1996 Edition). Prepared for Environment Canada, EE-157, Ottawa, Ontario."
AD01048 	SUMATRAN HEAVY                                    	      	   1.0	 0.053	 "Jokuty, P., Whiticar, S., Wang, Z., Fingas, M., Lambert, P., Fieldhouse, B., Mullen, J. 1996. A Catalogue of Crude Oil and Oil Product Properties (1996 Edition). Prepared for Environment Canada, EE-157, Ottawa, Ontario."
AD01055 	SYNTHETIC                                         	      	   1.0	 0.224	 "Jokuty, P., Whiticar, S., Wang, Z., Fingas, M., Lambert, P., Fieldhouse, B., Mullen, J. 1996. A Catalogue of Crude Oil and Oil Product Properties (1996 Edition). Prepared for Environment Canada, EE-157, Ottawa, Ontario."
AD01061 	TAKULA                                            	  0.84	   0.0	   0.0	 "Jokuty, P., Whiticar, S., Wang, Z., Fingas, M., Lambert, P., Fieldhouse, B., Mullen, J. 1996. A Catalogue of Crude Oil and Oil Product Properties (1996 Edition). Prepared for Environment Canada, EE-157, Ottawa, Ontario."
AD01070 	TARSIUT                                           	      	   1.0	 0.164	 "Jokuty, P., Whiticar, S., Wang, Z., Fingas, M., Lambert, P., Fieldhouse, B., Mullen, J. 1996. A Catalogue of Crude Oil and Oil Product Properties (1996 Edition). Prepared for Environment Canada, EE-157, Ottawa, Ontario."
AD01077 	TERRA NOVA K-08 DST #1                            	 0.889	   0.0	   0.0	 "Whiticar, S. Bobra, M., Fingas, M., Jokuty, P., Liuzzo, P., Callaghan, S., Ackerman, F., and Coa, J. 1992. A Catalogue of Crude Oil and Oil Product Properties (1992 Edition). Prepared for Environment Canada, EE-144, Ottawa, Ontario. 643pp."
AD01079 	TERRA NOVA K-08 DST #3                            	 0.901	   0.0	   0.0	 "Whiticar, S. Bobra, M., Fingas, M., Jokuty, P., Liuzzo, P., Callaghan, S., Ackerman, F., and Coa, J. 1992. A Catalogue of Crude Oil and Oil Product Properties (1992 Edition). Prepared for Environment Canada, EE-144, Ottawa, Ontario. 643pp."
AD01080 	TERRA NOVA K-08 DST #4                            	 0.874	   0.0	   0.0	 "Whiticar, S. Bobra, M., Fingas, M., Jokuty, P., Liuzzo, P., Callaghan, S., Ackerman, F., and Coa, J. 1992. A Catalogue of Crude Oil and Oil Product Properties (1992 Edition). Prepared for Environment Canada, EE-144, Ottawa, Ontario. 643pp."
AD01119 	TRANSMOUNTAIN BLEND                               	   0.9	 0.188	   0.0	 "Jokuty, P., Whiticar, S., Wang, Z., Fingas, M., Lambert, P., Fieldhouse, B., Mullen, J. 1996. A Catalogue of Crude Oil and Oil Product Properties (1996 Edition). Prepared for Environment Canada, EE-157, Ottawa, Ontario."
AD01141 	UVILUK                                            	  0.96	      	      	 "Jokuty, P., Whiticar, S., Wang, Z., Fingas, M., Lambert, P., Fieldhouse, B., Mullen, J. 1996. A Catalogue of Crude Oil and Oil Product Properties (1996 Edition). Prepared for Environment Canada, EE-157, Ottawa, Ontario."
AD01176 	WEST TEXAS INTERMEDIATE                           	  0.74	 0.285	 0.141	 "Jokuty, P., Whiticar, S., Wang, Z., Fingas, M., Lambert, P., Fieldhouse, B., Mullen, J. 1996. A Catalogue of Crude Oil and Oil Product Properties (1996 Edition). Prepared for Environment Canada, EE-157, Ottawa, Ontario."
AD01178 	WEST TEXAS SOUR                                   	  0.91	 0.147	   0.0	 "Jokuty, P., Whiticar, S., Wang, Z., Fingas, M., Lambert, P., Fieldhouse, B., Mullen, J. 1996. A Catalogue of Crude Oil and Oil Product Properties (1996 Edition). Prepared for Environment Canada, EE-157, Ottawa, Ontario."
AD01186 	"YOMBO, AMOCO"                                    	      	   1.0	   1.0	 "Ross, S. L., 1992. Oil Spill Property Predictions: Results for 17 AMOCO Oils, Ottawa, Ontario."
AD01428 	"TEAK AND SAMAAN, AMOCO"                          	      	  0.08	  0.08	 "Fritz, D. Amoco, Personal Communication to Debra Simecek-Beatty, NOAA, May 20, 1996."
AD01429 	"GALEOTA MIX, AMOCO"                              	      	   1.0	   1.0	 "Fritz, D. Amoco, Personal Communication to Debra Simecek-Beatty, NOAA, May 20, 1996."
AD01430 	"POUI, AMOCO"                                     	      	   1.0	   1.0	 "Fritz, D. Amoco, Personal Communication to Debra Simecek-Beatty, NOAA, May 20, 1996."
AD01591 	"ALBERTA SWEET MIXED BLEND (REFERENCE #2, 1996)"  	  0.47	      	      	 "Jokuty, P., Whiticar, S., Wang, Z., Fingas, M., Lambert, P., Fieldhouse, B., Mullen, J. 1996. A Catalogue of Crude Oil and Oil Product Properties (1996 Edition). Prepared for Environment Canada, EE-157, Ottawa, Ontario."
AD01654 	FCC MEDIUM CYCLE OIL                              	  0.78	      	      	 "Jokuty, P., Whiticar, S., Wang, Z., Fingas, M., Lambert, P., Fieldhouse, B., Mullen, J. 1996. A Catalogue of Crude Oil and Oil Product Properties (1996 Edition). Prepared for Environment Canada, EE-157, Ottawa, Ontario."
AD01664 	GREEN CANYON BLOCK 65                             	  0.51	      	      	 "Jokuty, P., Whiticar, S., Wang, Z., Fingas, M., Lambert, P., Fieldhouse, B., Mullen, J. 1996. A Catalogue of Crude Oil and Oil Product Properties (1996 Edition). Prepared for Environment Canada, EE-157, Ottawa, Ontario."
AD01665 	GREEN CANYON BLOCK 109                            	  0.36	      	      	 "Jokuty, P., Whiticar, S., Wang, Z., Fingas, M., Lambert, P., Fieldhouse, B., Mullen, J. 1996. A Catalogue of Crude Oil and Oil Product Properties (1996 Edition). Prepared for Environment Canada, EE-157, Ottawa, Ontario."
AD01669 	HIBERNIA (EPA 86)                                 	  0.72	      	      	 "Jokuty, P., Whiticar, S., Wang, Z., Fingas, M., Lambert, P., Fieldhouse, B., Mullen, J. 1996. A Catalogue of Crude Oil and Oil Product Properties (1996 Edition). Prepared for Environment Canada, EE-157, Ottawa, Ontario."
AD01683 	KOMINEFT                                          	  0.74	      	      	 "Jokuty, P., Whiticar, S., Wang, Z., Fingas, M., Lambert, P., Fieldhouse, B., Mullen, J. 1996. A Catalogue of Crude Oil and Oil Product Properties (1996 Edition). Prepared for Environment Canada, EE-157, Ottawa, Ontario."
AD01693 	MAIN PASS BLOCK 37                                	  0.39	      	      	 "Jokuty, P., Whiticar, S., Wang, Z., Fingas, M., Lambert, P., Fieldhouse, B., Mullen, J. 1996. A Catalogue of Crude Oil and Oil Product Properties (1996 Edition). Prepared for Environment Canada, EE-157, Ottawa, Ontario."
AD01730 	SHIP SHOAL BLOCK 239                              	   0.5	      	      	 "Jokuty, P., Whiticar, S., Wang, Z., Fingas, M., Lambert, P., Fieldhouse, B., Mullen, J. 1996. A Catalogue of Crude Oil and Oil Product Properties (1996 Edition). Prepared for Environment Canada, EE-157, Ottawa, Ontario."
AD01738 	SOUTH PASS BLOCK 60                               	  0.68	      	      	 "Jokuty, P., Whiticar, S., Wang, Z., Fingas, M., Lambert, P., Fieldhouse, B., Mullen, J. 1996. A Catalogue of Crude Oil and Oil Product Properties (1996 Edition). Prepared for Environment Canada, EE-157, Ottawa, Ontario."
AD01739 	SOUTH PASS BLOCK 67                               	  0.71	      	      	 "Jokuty, P., Whiticar, S., Wang, Z., Fingas, M., Lambert, P., Fieldhouse, B., Mullen, J. 1996. A Catalogue of Crude Oil and Oil Product Properties (1996 Edition). Prepared for Environment Canada, EE-157, Ottawa, Ontario."
AD01740 	SOUTH PASS BLOCK 93                               	  0.32	      	      	 "Jokuty, P., Whiticar, S., Wang, Z., Fingas, M., Lambert, P., Fieldhouse, B., Mullen, J. 1996. A Catalogue of Crude Oil and Oil Product Properties (1996 Edition). Prepared for Environment Canada, EE-157, Ottawa, Ontario."
AD01751 	WEST DELTA BLOCK 30                               	  0.34	      	      	 "Jokuty, P., Whiticar, S., Wang, Z., Fingas, M., Lambert, P., Fieldhouse, B., Mullen, J. 1996. A Catalogue of Crude Oil and Oil Product Properties (1996 Edition). Prepared for Environment Canada, EE-157, Ottawa, Ontario."
AD01987 	"ALASKA NORTH SLOPE (MIDDLE PIPELINE, 1999)"      	  0.62	      	      	 "Jokuty, P., Whiticar, S., Wang, Z., Fingas, M., Fieldhouse, B., Lambert, P., Mullen, J. 1999. Properties of Crude Oils and Oil Products.  Manuscript Report EE-165, Environmental Protection Service, Environment Canada, Ottawa, Ontario."
AD01988 	"ALASKA NORTH SLOPE (NORTHERN PIPELINE, 1999)"    	   0.7	      	      	 "Jokuty, P., Whiticar, S., Wang, Z., Fingas, M., Fieldhouse, B., Lambert, P., Mullen, J. 1999. Properties of Crude Oils and Oil Products.  Manuscript Report EE-165, Environmental Protection Service, Environment Canada, Ottawa, Ontario."
AD01990 	"ALASKA NORTH SLOPE (SOUTHERN PIPELINE, 1999)"    	  0.53	      	      	 "Jokuty, P., Whiticar, S., Wang, Z., Fingas, M., Fieldhouse, B., Lambert, P., Mullen, J. 1999. Properties of Crude Oils and Oil Products.  Manuscript Report EE-165, Environmental Protection Service, Environment Canada, Ottawa, Ontario."
AD02002 	ARABIAN LIGHT (1999)                              	  0.87	      	      	 "Jokuty, P., Whiticar, S., Wang, Z., Fingas, M., Fieldhouse, B., Lambert, P., Mullen, J. 1999. Properties of Crude Oils and Oil Products.  Manuscript Report EE-165, Environmental Protection Service, Environment Canada, Ottawa, Ontario."
AD02003 	ARABIAN MEDIUM (1999)                             	  0.85	      	      	 "Jokuty, P., Whiticar, S., Wang, Z., Fingas, M., Fieldhouse, B., Lambert, P., Mullen, J. 1999. Properties of Crude Oils and Oil Products.  Manuscript Report EE-165, Environmental Protection Service, Environment Canada, Ottawa, Ontario."
AD02061 	CARPINTERIA                                       	  0.72	      	      	 "Jokuty, P., Whiticar, S., Wang, Z., Fingas, M., Fieldhouse, B., Lambert, P., Mullen, J. 1999. Properties of Crude Oils and Oil Products.  Manuscript Report EE-165, Environmental Protection Service, Environment Canada, Ottawa, Ontario."
AD02088 	DOS CUADRAS                                       	  0.48	      	      	 "Jokuty, P., Whiticar, S., Wang, Z., Fingas, M., Fieldhouse, B., Lambert, P., Mullen, J. 1999. Properties of Crude Oils and Oil Products.  Manuscript Report EE-165, Environmental Protection Service, Environment Canada, Ottawa, Ontario."
AD02147 	GARDEN BANKS BLOCK 387                            	  0.37	      	      	 "Jokuty, P., Whiticar, S., Wang, Z., Fingas, M., Fieldhouse, B., Lambert, P., Mullen, J. 1999. Properties of Crude Oils and Oil Products.  Manuscript Report EE-165, Environmental Protection Service, Environment Canada, Ottawa, Ontario."
AD02148 	GARDEN BANKS BLOCK 426                            	  0.65	      	      	 "Jokuty, P., Whiticar, S., Wang, Z., Fingas, M., Fieldhouse, B., Lambert, P., Mullen, J. 1999. Properties of Crude Oils and Oil Products.  Manuscript Report EE-165, Environmental Protection Service, Environment Canada, Ottawa, Ontario."
AD02156 	GENESIS                                           	  0.62	      	      	 "Jokuty, P., Whiticar, S., Wang, Z., Fingas, M., Fieldhouse, B., Lambert, P., Mullen, J. 1999. Properties of Crude Oils and Oil Products.  Manuscript Report EE-165, Environmental Protection Service, Environment Canada, Ottawa, Ontario."
AD02161 	GREEN CANYON BLOCK 184                            	  0.69	      	      	 "Jokuty, P., Whiticar, S., Wang, Z., Fingas, M., Fieldhouse, B., Lambert, P., Mullen, J. 1999. Properties of Crude Oils and Oil Products.  Manuscript Report EE-165, Environmental Protection Service, Environment Canada, Ottawa, Ontario."
AD02173 	HONDO                                             	  0.81	      	      	 "Jokuty, P., Whiticar, S., Wang, Z., Fingas, M., Fieldhouse, B., Lambert, P., Mullen, J. 1999. Properties of Crude Oils and Oil Products.  Manuscript Report EE-165, Environmental Protection Service, Environment Canada, Ottawa, Ontario."
AD02252 	MARS TLP                                          	  0.63	      	      	 "Jokuty, P., Whiticar, S., Wang, Z., Fingas, M., Fieldhouse, B., Lambert, P., Mullen, J. 1999. Properties of Crude Oils and Oil Products.  Manuscript Report EE-165, Environmental Protection Service, Environment Canada, Ottawa, Ontario."
AD02261 	MISSISSIPPI CANYON BLOCK 72                       	  0.52	      	      	 "Jokuty, P., Whiticar, S., Wang, Z., Fingas, M., Fieldhouse, B., Lambert, P., Mullen, J. 1999. Properties of Crude Oils and Oil Products.  Manuscript Report EE-165, Environmental Protection Service, Environment Canada, Ottawa, Ontario."
AD02262 	MISSISSIPPI CANYON BLOCK 807 (1999)               	   0.6	      	      	 "Jokuty, P., Whiticar, S., Wang, Z., Fingas, M., Fieldhouse, B., Lambert, P., Mullen, J. 1999. Properties of Crude Oils and Oil Products.  Manuscript Report EE-165, Environmental Protection Service, Environment Canada, Ottawa, Ontario."
AD02273 	NEPTUNE SPAR                                      	  0.48	      	      	 "Jokuty, P., Whiticar, S., Wang, Z., Fingas, M., Fieldhouse, B., Lambert, P., Mullen, J. 1999. Properties of Crude Oils and Oil Products.  Manuscript Report EE-165, Environmental Protection Service, Environment Canada, Ottawa, Ontario."
AD02284 	POINT ARGUELLO COMINGLED (1999)                   	  0.82	      	      	 "Jokuty, P., Whiticar, S., Wang, Z., Fingas, M., Fieldhouse, B., Lambert, P., Mullen, J. 1999. Properties of Crude Oils and Oil Products.  Manuscript Report EE-165, Environmental Protection Service, Environment Canada, Ottawa, Ontario."
AD02286 	POINT ARGUELLO HEAVY (1999)                       	  0.73	      	      	 "Jokuty, P., Whiticar, S., Wang, Z., Fingas, M., Fieldhouse, B., Lambert, P., Mullen, J. 1999. Properties of Crude Oils and Oil Products.  Manuscript Report EE-165, Environmental Protection Service, Environment Canada, Ottawa, Ontario."
AD02298 	PLATFORM GAIL                                     	  0.76	      	      	 "Jokuty, P., Whiticar, S., Wang, Z., Fingas, M., Fieldhouse, B., Lambert, P., Mullen, J. 1999. Properties of Crude Oils and Oil Products.  Manuscript Report EE-165, Environmental Protection Service, Environment Canada, Ottawa, Ontario."
AD02299 	PLATFORM HOLLY                                    	  0.77	      	      	 "Jokuty, P., Whiticar, S., Wang, Z., Fingas, M., Fieldhouse, B., Lambert, P., Mullen, J. 1999. Properties of Crude Oils and Oil Products.  Manuscript Report EE-165, Environmental Protection Service, Environment Canada, Ottawa, Ontario."
AD02301 	POINT ARGUELLO LIGHT (1999)                       	  0.93	      	      	 "Jokuty, P., Whiticar, S., Wang, Z., Fingas, M., Fieldhouse, B., Lambert, P., Mullen, J. 1999. Properties of Crude Oils and Oil Products.  Manuscript Report EE-165, Environmental Protection Service, Environment Canada, Ottawa, Ontario."
AD02305 	"PRUDHOE BAY (1995, ref. 1999)"                   	  0.43	  0.09	  0.09	 "Jokuty, P., Whiticar, S., Wang, Z., Fingas, M., Fieldhouse, B., Lambert, P., Mullen, J. 1999. Properties of Crude Oils and Oil Products.  Manuscript Report EE-165, Environmental Protection Service, Environment Canada, Ottawa, Ontario."
AD02323 	SANTA CLARA                                       	  0.61	      	      	 "Jokuty, P., Whiticar, S., Wang, Z., Fingas, M., Fieldhouse, B., Lambert, P., Mullen, J. 1999. Properties of Crude Oils and Oil Products.  Manuscript Report EE-165, Environmental Protection Service, Environment Canada, Ottawa, Ontario."
AD02336 	SOCKEYE                                           	  0.87	      	      	 "Jokuty, P., Whiticar, S., Wang, Z., Fingas, M., Fieldhouse, B., Lambert, P., Mullen, J. 1999. Properties of Crude Oils and Oil Products.  Manuscript Report EE-165, Environmental Protection Service, Environment Canada, Ottawa, Ontario."
AD02337 	SOCKEYE COMINGLED                                 	  0.74	      	      	 "Jokuty, P., Whiticar, S., Wang, Z., Fingas, M., Fieldhouse, B., Lambert, P., Mullen, J. 1999. Properties of Crude Oils and Oil Products.  Manuscript Report EE-165, Environmental Protection Service, Environment Canada, Ottawa, Ontario."
AD02338 	SOCKEYE SOUR                                      	  0.74	      	      	 "Jokuty, P., Whiticar, S., Wang, Z., Fingas, M., Fieldhouse, B., Lambert, P., Mullen, J. 1999. Properties of Crude Oils and Oil Products.  Manuscript Report EE-165, Environmental Protection Service, Environment Canada, Ottawa, Ontario."
AD02339 	SOCKEYE SWEET                                     	  0.82	      	      	 "Jokuty, P., Whiticar, S., Wang, Z., Fingas, M., Fieldhouse, B., Lambert, P., Mullen, J. 1999. Properties of Crude Oils and Oil Products.  Manuscript Report EE-165, Environmental Protection Service, Environment Canada, Ottawa, Ontario."
AD02354 	SWANSON RIVER                                     	  0.76	      	      	 "Jokuty, P., Whiticar, S., Wang, Z., Fingas, M., Fieldhouse, B., Lambert, P., Mullen, J. 1999. Properties of Crude Oils and Oil Products.  Manuscript Report EE-165, Environmental Protection Service, Environment Canada, Ottawa, Ontario."
AD02358 	TAKULA (1999)                                     	  0.85	      	      	 "Jokuty, P., Whiticar, S., Wang, Z., Fingas, M., Fieldhouse, B., Lambert, P., Mullen, J. 1999. Properties of Crude Oils and Oil Products.  Manuscript Report EE-165, Environmental Protection Service, Environment Canada, Ottawa, Ontario."
AD02382 	VIOSCA KNOLL BLOCK 826                            	  0.64	      	      	 "Jokuty, P., Whiticar, S., Wang, Z., Fingas, M., Fieldhouse, B., Lambert, P., Mullen, J. 1999. Properties of Crude Oils and Oil Products.  Manuscript Report EE-165, Environmental Protection Service, Environment Canada, Ottawa, Ontario."
AD02383 	VIOSCA KNOLL BLOCK 990 (ref. 1999)                	  0.64	      	      	 "Jokuty, P., Whiticar, S., Wang, Z., Fingas, M., Fieldhouse, B., Lambert, P., Mullen, J. 1999. Properties of Crude Oils and Oil Products.  Manuscript Report EE-165, Environmental Protection Service, Environment Canada, Ottawa, Ontario."
AD02387 	WAXY LIGHT HEAVY BLEND                            	   0.5	      	      	 "Jokuty, P., Whiticar, S., Wang, Z., Fingas, M., Fieldhouse, B., Lambert, P., Mullen, J. 1999. Properties of Crude Oils and Oil Products.  Manuscript Report EE-165, Environmental Protection Service, Environment Canada, Ottawa, Ontario."
